(Do Not Modify) Rounding Detail,(Do Not Modify) Row Checksum,(Do Not Modify) Modified On,Title
93a3ae72-f85d-ec11-8f8f-002248283039,FuobqTKvYQrsCbdaw6UBTCcDjGuifsYqX7720s6npBH7OOLFSU9gCTnenzBOja7lUBuf5ugNWeDYR5t5sklJ4A==,12/28/2021 20:39,B1/204A
96a3ae72-f85d-ec11-8f8f-002248283039,5sNWT7qpfNccZaNwVtjNXXEzFrYw4If1oXr1xq6j1Xp021dj7mM9WWJkSc6U4EEISTAsZjKkU1psasp/rFWSFg==,12/28/2021 20:14,B1/204B
ca16296d-495f-ec11-8f8f-002248283039,IE76yQVQ2n64A+boP/nxU9d2U8DVLM3VKfE8RmcSI7Pl44raYjMlriYC1/37W2MDvHr7Rqz4Wsmi3E+hgI8hUA==,12/28/2021 20:19,B1/205A
6e8ebb7f-495f-ec11-8f8f-002248283039,hj+boUOpN0BMz8E787U4IkRUno8O1V31yz+1TgyfWID7efviA/nOAWFd8ugqeZQcJoZVKfAKc8amT6cRI7HsAQ==,12/28/2021 20:16,B1/205B
6f8ebb7f-495f-ec11-8f8f-002248283039,b6wjyBLFDnfrvKUyfAsYvWsYZF9kq7FqFioS7jfyPX17NLDOkrdGsr+vnXwpe1M4qWPfStTTNQgjK5yinhJacg==,12/28/2021 20:17,B1/206
cf220789-495f-ec11-8f8f-002248283039,TUXo8KEoxIUsvSsZQ5MbHnZ+zROcYlOebIynW9tw829DFgAICDrHHPrpWuzKthJQcv/14X6GMI7OmY4kV/eGTA==,12/28/2021 20:19,B1/207
d0220789-495f-ec11-8f8f-002248283039,OGK5rIt7ssqnaX1Eo1wv7LORV3/bQYF3v5S241Y5Dg7gZtEOzzfmYY/O4uvU2LAUglHN9+I/FrR0TMx66ncP2Q==,12/28/2021 20:16,B1/208
2951d18f-495f-ec11-8f8f-002248283039,9FHOAnZK7yq8FLg6XZKDg38j+M9eCN6FE6ZqEAZ21bU18woOC9vtvmmQmTDMzvt9ZonF9DTfxnrxwOGoGxaylA==,12/28/2021 20:19,B1/209
35215b96-495f-ec11-8f8f-002248283039,COOb2nb7dbyyMNno99iXElrZbTbtJRYmfxkXbSiNzyC2tPAc02lco0+u6oXKvSXm3lagpMyl4oPZsU7VW3IGLw==,12/28/2021 20:19,B1/210
3319d19d-495f-ec11-8f8f-002248283039,QrtqH0mIt10PpsotcEipz8M1/ZW3A+TJ3C/ZXX8CyF7cmad9s99RRGFGOYGFol47Xsro22Gz3bJ9JATb/UPEYA==,12/28/2021 20:17,B1/211A
3619d19d-495f-ec11-8f8f-002248283039,SGLB3ZOcz5pyiuGyYw46NeegX2smlU825GV/LUbnTLTGKCw1GpqRB46uGGnSWUjfN5aZvqKjZygIi3DwEBSPEQ==,12/28/2021 20:20,B1/211B
